{
  "faithfulness": 0.3,
  "context_precision": 0.8219444444100532,
  "context_recall": 0.85,
  "answer_relevancy": 0.512759699744568
}